id,section,status,claim_truncated,source_file,source_exists,carried_by,derived_from,derived_from_ok,superseded_by,superseded_by_ok,pinned_by_test,test_exists,has_floor
P0-01,P0,MEASURED,"The IDC v24 index holds one row per series, 1,032,911 se ...",results/phase0/census_all.csv,yes,,,,,,tests/test_phase0.py::test_index_shape,yes,yes
P0-02,P0,MEASURED,"Derived objects, defined as the nine SOP classes listed ...",results/phase0/census_derived.csv,yes,,,,,,tests/test_phase0.py::test_derived_totals,yes,yes
P0-03,P0,MEASURED,Segmentation Storage is the largest derived class by vol ...,results/phase0/census_derived.csv,yes,,,,,,,,yes
P0-04,P0,MEASURED,Every derived series in IDC v24 is Explicit VR Little En ...,results/phase0/transfer_syntax.csv,yes,results/pre06_sampling_frame.md,,,,,,,yes
P0-05,P0,MEASURED,"IDC v24 holds 1,086 Grayscale Softcopy Presentation Stat ...",results/phase0/gsps_split.csv,yes,results/phase2/net_rates_gsps.md,,,,,tests/test_phase0.py::test_gsps_split,yes,yes
P0-06,P0,MEASURED,"Parametric Map holdings are 691 series, all in collectio ...",results/phase0/parametric_map.csv,yes,,,,,,,,yes
P0-07,P0,MEASURED,Every derived series in IDC v24 carries a Creative Commo ...,results/phase0/licenses.csv,yes,,,,,,,,yes
P0-08,P0,MEASURED,The six classes the brief calls exhaustively downloadabl ...,results/phase0/phase2_budget.csv,yes,,,,,,,,yes
P0-09,P0,MEASURED,Phase 0 samples nothing. It aggregates the complete inde ...,results/phase0_census.md and results/phase0/*.csv,yes,,,,,,,,yes
P0-12,P0,PENDING,This census covers non-image derived SOP classes only. O ...,,none named,results/pre06_sampling_frame.md,,,,,,,yes
P0-10,P0,MEASURED,Two denominators are carried throughout: derived objects ...,results/phase0/census_by_analysis_result.csv,yes,,,,,,tests/test_phase0.py::test_two_denominators,yes,yes
P0-11,P0,MEASURED,Per-series rather than per-instance validation would mis ...,results/phase0/first_file_coverage.csv,yes,results/pre06_sampling_frame.md,PA-03,yes,,,tests/test_phase0.py::test_first_file_coverage,yes,yes
C3-01,C3,MEASURED,Manufacturer and ManufacturerModelName are populated on ...,results/phase0/provenance_population_by_sop.csv,yes,,,,,,tests/test_phase0.py::test_provenance_population,yes,yes
C3-02,C3,MEASURED,Declared equipment identity across the derived populatio ...,results/phase0/provenance_buckets.csv,yes,,,,,,tests/test_phase0.py::test_buckets_are_exhaustive,yes,yes
C3-03,C3,MEASURED,IDC already applies a convention that names the producin ...,results/phase0/provenance_converter_pairs.csv,yes,,C3-02,yes,,,tests/test_phase0.py::test_positive_control,yes,yes
C3-11,C3,MEASURED,The largest single analysis result in the archive declar ...,results/phase0/provenance_name_agreement.csv,yes,results/ai_use.md;results/manuscript/tables.md;results/submission/04_tables.md,"C3-02,C3-05",yes,,,tests/test_phase0.py::test_largest_analysis_result,yes,yes
C3-10,C3,MEASURED,Several incompatible conventions for declaring equipment ...,results/phase0/provenance_conventions.csv,yes,,"C3-02,C3-03,C3-07",yes,,,,,yes
C3-04,C3,MEASURED,A single encoding tool is declared under several distinc ...,results/phase0/provenance_spelling_variants.csv,yes,,,,,,tests/test_phase0.py::test_dcmqi_spellings,yes,yes
C3-05,C3,MEASURED,For most large analysis results the declared equipment s ...,results/phase0/provenance_name_agreement.csv,yes,,,,,,,,yes
C3-06,C3,PENDING,"ImplementationVersionName (0002,0013), ContributingEquip ...",results/claim3_provenance.md and results/phase0/provenance_*.csv,yes,,,,,,,,yes
C3-07,C3,MEASURED,A measurable share of derived series declare an equipmen ...,results/phase0/provenance_acquisition_inheritance.csv,yes,,,,,,,,yes
C3-08,C3,MEASURED,Claim 3 at Phase 0 samples nothing ...,results/claim3_provenance.md and results/phase0/provenance_*.csv,yes,,,,,,,,yes
C3-12,C3,MEASURED,Series in this archive are not independent observations. ...,results/phase0/provenance_by_collection.csv,yes,results/phase2/net_rates_comprehensive_3d_sr.md;results/phase2/net_rates_comprehensive_sr.md;results/pre06_sampling_frame.md,C3-02,yes,,,tests/test_phase0.py::test_clustering,yes,yes
C3-13,C3,MEASURED,The series-weighted encoder rate is substantially attrib ...,results/phase0/provenance_leave_one_out.csv,yes,results/pre06_sampling_frame.md,C3-12,yes,,,tests/test_phase0.py::test_leave_one_out,yes,yes
C3-14,C3,PENDING,"The normative yardstick for claim 3 is PS3.3 Final Text, ...",,none named,,,,,,,,yes
C3-06-air,C3,RETIRED,The IHE AI Results profile section 6.5.3.1 is the normat ...,,none named,,,,C3-14,yes,,,yes
C3-15,C3,MEASURED,"Scoring is semantic, not presence-based, and absent, emp ...",results/sentinels.json,yes,,"W-04,C3-14",yes,,,tests/test_phase0.py::test_provenance_population,yes,yes
C3-02-prev,C3,RETIRED,The majority of derived series declare a general purpose ...,,none named,,,,C3-02,yes,,,yes
C3-09,C3,PENDING,De-identification is a confounder on any absence-based p ...,results/claim3_provenance.md and results/phase0/provenance_*.csv,yes,,,,,,,,yes
PA-01,PA,LITERATURE,No publication measures conformance or provenance of AI- ...,results/prior_art.md,yes,results/prisma_s_appendix.md,,,,,,,yes
PA-02,PA,LITERATURE,Three works partially occupy adjacent ground and must be ...,results/prior_art.md,yes,,PA-01,yes,,,,,yes
PA-03,PA,LITERATURE,"Validation of public DICOM archives is a documented, rou ...",results/prior_art.md,yes,results/ai_use.md,PA-01,yes,,,,,yes
PA-03-prev,PA,RETIRED,The published state of the art in validating a public DI ...,results/prior_art.md,yes,,,,PA-03,yes,,,yes
PA-08,PA,PENDING,The genuinely uncovered ground is warnings. Existing col ...,results/prior_art.md,yes,results/prisma_s_appendix.md,PA-03,yes,,,,,yes
PA-09,PA,PENDING,The denominators this study reports already exist inside ...,results/prior_art.md,yes,results/prisma_s_appendix.md,PA-03,yes,,,,,yes
PA-04,PA,LITERATURE,No public corpus of clinical or archive-derived GSPS obj ...,results/prior_art.md,yes,,"PA-01,P0-05",yes,,,,,yes
PA-05,PA,RETIRED,The brief's characterisation of the peer-reviewed GSPS l ...,results/prior_art.md,yes,results/ai_use.md,,,,,,,yes
PA-06,PA,LITERATURE,"Claim 2 is a measurement of an acknowledged phenomenon, ...",results/prior_art.md,yes,results/ai_use.md,PA-01,yes,,,,,yes
PA-07,PA,PENDING,"A manual pass over Google Scholar, Scopus, Web of Scienc ...",results/prior_art.md,yes,results/prior_art_recheck.md;results/prisma_s_appendix.md;results/prisma_s_rows.csv,,,,,,,yes
W-01,W,MEASURED,"A writer census over the derived population, needed befo ...",results/phase0/writer_census.csv,yes,results/pre06_sampling_frame.md,,,,,tests/test_writers.py::test_writer_census,yes,yes
W-02,W,MEASURED,Producer identity for the largest analysis result is rec ...,results/phase0/carrier_hierarchy.csv,yes,,C3-11,yes,,,tests/test_writers.py::test_carrier_hierarchy,yes,yes
W-03,W,MEASURED,Unstable declared spellings cause measurable recall loss ...,results/phase0/cohort_recall.json,yes,,C3-04,yes,,,tests/test_writers.py::test_cohort_recall,yes,yes
W-04,W,MEASURED,"A published sentinel list is required, because the attri ...",results/sentinels.json,yes,,,,,,tests/test_writers.py::test_sentinels_published,yes,yes
V-01,V,MEASURED,"The panel has two axes. Axis 1 is conformance, scored by ...",results/panel.json,yes,,,,,,tests/test_panel.py::test_every_class_has_both_axes,yes,yes
V-02,V,MEASURED,"Axis 2 is asymmetric and informative only on failure, be ...",results/panel.json,yes,,"C3-04,V-01",yes,,,,,yes
V-03,V,MEASURED,PixelMed DicomSRValidator is in the panel for all struct ...,results/panel.json,yes,,,,,,,,yes
V-04,V,PENDING,The PixelMed jar is not yet present in the pinned toolch ...,results/panel.json,yes,results/manuscript/methods.md;results/manuscript/references.md;results/manuscript/results.md;results/phase3_segmentation.md;results/submission/02_manuscript_full.md;results/submission/03_manuscript_blinded.md,,,,,,,yes
V-05,V,MEASURED,pydicom-seg is excluded from the panel and the reason is ...,results/panel.json,yes,results/ai_use.md,,,,,,,yes
V-06,V,VERIFIED,Panel independence is declared rather than assumed. Two ...,results/panel.json,yes,results/manuscript/methods.md;results/submission/02_manuscript_full.md;results/submission/03_manuscript_blinded.md,,,,,,,yes
V-07,V,MEASURED,The dcmqi readers are pinned at the build installed in t ...,results/panel.json,yes,,,,,,,,yes
V-08,V,MEASURED,The panel is not uniform across SOP classes and is never ...,results/panel.json,yes,,,,,,tests/test_panel.py::test_panel_is_not_uniform,yes,yes
V-09,V,MEASURED,Every tool considered and excluded is listed with a stat ...,results/panel.json,yes,,,,,,tests/test_panel.py::test_excluded_tools_carry_a_reason_and_a_consequence,yes,yes
V-10,V,PENDING,Two parts of the panel are weak and are declared weak in ...,results/panel.json,yes,,,,,,,,yes
PRE-02,V,PENDING,Writer-aware scoring. Every axis-2 result is labelled IN ...,results/panel.json,yes,results/table1_writers.md,"W-01,V-02",yes,,,,,yes
PRE-03,V,PENDING,"Claim 2 adjudication rule. Where validators disagree, th ...",results/panel.json,yes,results/ai_use.md;results/manuscript/absence_claims.csv;results/manuscript/absence_claims.md;results/manuscript/methods.md;results/manuscript/results.md;results/submission/02_manuscript_full.md;results/submission/03_manuscript_blinded.md,,,,,,,yes
PRE-04,V,PENDING,"Standard-edition control. One edition is pinned, dicom-v ...",results/panel.json,yes,results/adjudication2/two_pass_comparison.csv;results/manuscript/absence_claims.csv;results/manuscript/absence_claims.md;results/manuscript/methods.md;results/manuscript/references.md;results/submission/02_manuscript_full.md;results/submission/03_manuscript_blinded.md,,,,,,,yes
PRE-05,V,PENDING,"Claim 1 threshold, set before the data. PRE-01 predicted ...","results/phase2/net_rates_rwv_kos.md, results/phase2/net_rates_gsps.md, results/phase2/net_rates_parametric_map.md, results/phase2/net_rates_comprehensive_sr.md, results/phase2/net_rates_comprehensive_3d_sr.md, results/phase2/net_rates_comprehensive_3d_sr.md",yes,results/manuscript/results.md;results/manuscript/tables.md;results/phase2/adjudication_gsps.csv;results/phase2/net_rates_comprehensive_3d_sr.md;results/phase2/net_rates_comprehensive_sr.md;results/phase2/net_rates_gsps.md;results/phase2/net_rates_parametric_map.md;results/phase2/net_rates_rwv_kos.md;results/pre06_sampling_frame.md;results/submission/02_manuscript_full.md;results/submission/03_manuscript_blinded.md;results/submission/04_tables.md,"C-KOS-05,C-GSPS-09,C-PM-09,C-CSR-11,C-C3D-12,C-C3D-12",yes,,,,,yes
PRE-06,V,MEASURED,"Sampling frame, fixed before seeing which strata look in ...",results/phase3_segmentation.md,yes,results/ai_use.md;results/cp/README.md;results/manuscript/absence_claims.csv;results/manuscript/absence_claims.md;results/manuscript/methods.md;results/manuscript/results.md;results/manuscript/table1.csv;results/manuscript/tables.md;results/phase3_segmentation.md;results/pre06_sampling_frame.md;results/submission/02_manuscript_full.md;results/submission/03_manuscript_blinded.md;results/submission/04_tables.md,,,,,,,yes
PRE-07,V,PENDING,Manual verification sample. The panel is entirely automa ...,results/panel.json,yes,results/manuscript/methods.md;results/manuscript/results.md;results/submission/02_manuscript_full.md;results/submission/03_manuscript_blinded.md,PRE-03,yes,,,,,yes
PRE-01,PRE,RETIRED,Pre-registered prediction. Claim 1 will return largely n ...,results/phase2/net_rates_rwv_kos.md,yes,results/ai_use.md;results/manuscript/methods.md;results/manuscript/results.md;results/phase2/net_rates_comprehensive_3d_sr.md;results/phase2/net_rates_comprehensive_sr.md;results/phase2/net_rates_gsps.md;results/submission/02_manuscript_full.md;results/submission/03_manuscript_blinded.md,"PRE-05,C-KOS-05,C-CSR-11",yes,,,,,yes
STD-01,STD,VERIFIED,The Algorithm Identification Macro has six attributes. T ...,results/standards.json,yes,results/typecheck/type_reverification.csv,,,,,tests/test_standards.py::test_macro_tags,yes,yes
STD-02,STD,VERIFIED,"SegmentationAlgorithmIdentificationSequence (0062,0007) ...",results/standards.json,yes,results/phase3_segmentation.md;results/typecheck/type_reverification.csv,,,,,tests/test_standards.py::test_segmentation_hypothesis_is_dead,yes,yes
STD-02-hyp,STD,RETIRED,Segmentation objects declaring SegmentAlgorithmType AUTO ...,results/standards.json,yes,,,,STD-02,yes,,,yes
STD-03,STD,VERIFIED,Two conformance hooks survive in the Segmentation IOD an ...,results/standards.json,yes,results/ihe_air_table.md;results/standards.json;results/typecheck/type_reverification.csv,STD-02,yes,,,tests/test_standards.py::test_surviving_hooks,yes,yes
STD-04,STD,VERIFIED,Enhanced General Equipment is Mandatory in the Segmentat ...,results/standards.json,yes,results/figures/manifest.json;results/ihe_air_table.md;results/manuscript/figures.md;results/manuscript/methods.md;results/manuscript/tables.md;results/standards.json;results/submission/02_manuscript_full.md;results/submission/03_manuscript_blinded.md;results/submission/04_tables.md;results/submission/05_figure_legends.md;results/typecheck/type_reverification.csv,,,,,tests/test_standards.py::test_enhanced_general_equipment,yes,yes
STD-05,STD,MEASURED,"Results are reported in three grades, never two: non-con ...",results/standards.json,yes,,"STD-02,STD-04",yes,,,,,yes
STD-06,STD,VERIFIED,IHE AIR imposes an unconditional shall on the Creator to ...,results/standards.json,yes,results/ihe_air_table.md;results/standards.json,,,,,tests/test_standards.py::test_air_is_normative_and_tested,yes,yes
STD-06-untested,STD,RETIRED,IHE AIR has no Connectathon test case and no Gazelle tes ...,results/standards.json,yes,,,,STD-06,yes,,,yes
F1-01,F1,MEASURED,The validator floor is writer-specific. On the only clas ...,results/floor_set.csv,yes,results/manuscript/methods.md;results/manuscript/results.md;results/manuscript/tables.md;results/pre06_sampling_frame.md;results/submission/02_manuscript_full.md;results/submission/03_manuscript_blinded.md;results/submission/04_tables.md,,,,,tests/test_floor.py::test_headline_overlap,yes,yes
F1-02,F1,MEASURED,A conformant highdicom Segmentation draws zero dciodvfy ...,results/floor_set.csv,yes,,F1-01,yes,,,,,yes
F1-03,F1,MEASURED,The two validators disagree about whether the floor tran ...,results/floor_set.csv,yes,results/manuscript/tables.md;results/submission/04_tables.md,F1-01,yes,,,,,yes
F1-04,F1,MEASURED,dcmqi could not emit two of the four nominated shared cl ...,results/floor_set.csv,yes,,,,,,tests/test_floor.py::test_emission_gaps_recorded,yes,yes
F1-05,F1,MEASURED,"The two writers place TID 1500 in different SOP classes, ...",results/floor_set.csv,yes,results/manuscript/table2_floor_set.md,,,,,tests/test_floor.py::test_sr_sop_classes_differ,yes,yes
F1-06,F1,MEASURED,dciodvfy exit status is not a verdict. Every object in t ...,results/floor_set.csv,yes,,,,,,tests/test_floor.py::test_exit_status_is_not_a_verdict,yes,yes
F1-07,F1,MEASURED,The registered message-matching rule is incomplete and w ...,results/floor_set.csv,yes,,,,,,tests/test_floor.py::test_both_severity_forms_match,yes,yes
F1-08,F1,PENDING,Two registered tool pins are not satisfied on this machi ...,results/floor_set.csv,yes,,,,,,,,yes
F1-09,F1,MEASURED,Content was held equal across writers and verified befor ...,results/floor_set.csv,yes,,,,,,tests/test_floor.py::test_content_equality,yes,yes
P2P-01,P2P,MEASURED,"Pilot of ten dcmqi-written Segmentation series from IDC, ...",results/phase2/pilot_provenance.csv,yes,,,,,,tests/test_pilot.py::test_pilot_shape,yes,yes
P2P-02,P2P,MEASURED,The dcmqi ClinicalTrialSeries message class seen on the ...,results/phase2/pilot_message_classes.csv,yes,,F1-01,yes,,,tests/test_pilot.py::test_target_message_class,yes,yes
P2P-03,P2P,MEASURED,"Message classes observed across the pilot, by validator ...",results/phase2/pilot_message_classes.csv,yes,,,,,,,,yes
P2P-04,P2P,MEASURED,"SoftwareVersions (0018,1020) captured verbatim in three ...",results/phase2/pilot_provenance.csv,yes,,STD-04,yes,,,tests/test_pilot.py::test_provenance_states,yes,yes
P2P-05,P2P,MEASURED,File-meta identification names the encoding library's ow ...,results/phase2/pilot_provenance.csv,yes,results/manuscript/tables.md;results/submission/04_tables.md,C3-11,yes,,,tests/test_pilot.py::test_file_meta_names_dcmtk,yes,yes
P2P-08,P2P,MEASURED,A minority of objects declaring dcmqi in the equipment a ...,results/phase2/pilot_provenance.csv,yes,results/manuscript/table1_writers.md,P2P-05,yes,,,,,yes
P2P-09,P2P,MEASURED,SoftwareVersions on dcmqi-written corpus objects is an a ...,results/phase2/pilot_provenance.csv,yes,results/manuscript/tables.md;results/submission/04_tables.md,"W-04,P2P-04",yes,,,tests/test_pilot.py::test_software_versions_are_commit_hashes,yes,yes
P2P-06,P2P,MEASURED,"ContributingEquipmentSequence (0018,A001) on dcmqi-writt ...",results/phase2/pilot_provenance.csv,yes,,STD-06,yes,,,tests/test_pilot.py::test_contributing_equipment,yes,yes
P2P-07,P2P,MEASURED,"s5cmd was used to fetch rather than the AWS CLI, which i ...",results/phase2/pilot_fetch_log.csv,yes,,,,,,,,yes
F1-03-prev,F1,RETIRED,dicom-validator returns an identical six-class set for b ...,results/floor_set.csv,yes,results/manuscript/table2_floor_set.md,,,F1-03,yes,,,yes
F1-10,F1,MEASURED,A parser defect in this project silently dropped a class ...,results/floor_set.csv,yes,results/manuscript/table2_floor_set.md,,,,,tests/test_floor.py::test_unindented_findings_are_not_dropped,yes,yes
P2C-01,P2C,PENDING,Phase 2 census of the eight non-Segmentation derived cla ...,results/phase2/census_rates.csv,yes,results/manuscript/tables.md;results/submission/04_tables.md,,,,,tests/test_census.py::test_no_partial_class_is_reported,yes,yes
P2C-02,P2C,MEASURED,Gross error-class and warning-class rates by SOP class a ...,results/phase2/census_message_classes.csv,yes,results/phase2/net_rates_gsps.md,,,,,,,yes
P2C-03,P2C,MEASURED,"Provenance carriers are reported in three states, and ze ...",results/phase2/census_provenance_states.csv,yes,,STD-04,yes,,,tests/test_census.py::test_three_state_provenance,yes,yes
P2C-04,P2C,MEASURED,dcmpschk reports its own success line with a severity pr ...,results/phase2/census_message_classes.csv,yes,results/phase2/net_rates_gsps.md,,,,,,,yes
B-01,B1,MEASURED,The Phase 1 headline reproduces under the variant harnes ...,results/phase1_variants.csv,yes,,F1-01,yes,,,tests/test_variants.py::test_baseline_reproduces_phase_one,yes,yes
B-02,B1,MEASURED,The two writers' dciodvfy floor sets on SEG BINARY are n ...,results/phase1_variants.csv,yes,results/figures/manifest.json;results/manuscript/figures.md;results/manuscript/results.md;results/manuscript/tables.md;results/submission/02_manuscript_full.md;results/submission/03_manuscript_blinded.md;results/submission/04_tables.md;results/submission/05_figure_legends.md,B-01,yes,,,tests/test_variants.py::test_dciodvfy_ladder_jaccards,yes,yes
B-03,B1,MEASURED,The dicom-validator floor sets on SEG BINARY stay unequa ...,results/phase1_variants.csv,yes,results/figures/manifest.json;results/manuscript/figures.md;results/manuscript/results.md;results/manuscript/tables.md;results/submission/02_manuscript_full.md;results/submission/03_manuscript_blinded.md;results/submission/04_tables.md;results/submission/05_figure_legends.md,F1-03,yes,,,tests/test_variants.py::test_dicom_validator_ladder_jaccards,yes,yes
B-04,B1,MEASURED,No variant flips the direction of the finding ...,results/phase1_variants.csv,yes,,"B-02, B-03",yes,,,tests/test_variants.py::test_direction_never_flips,yes,yes
B-05,B1,MEASURED,Deflated Explicit VR Little Endian is not read by the pi ...,results/phase1_variants.csv,yes,results/figures/manifest.json;results/manuscript/absence_claims.csv;results/manuscript/absence_claims.md;results/manuscript/figures.md;results/manuscript/results.md;results/manuscript/tables.md;results/submission/02_manuscript_full.md;results/submission/03_manuscript_blinded.md;results/submission/04_tables.md;results/submission/05_figure_legends.md,,,,,tests/test_variants.py::test_deflate_is_a_reader_failure_not_an_iod_finding,yes,yes
B-06,B1,MEASURED,Two of the nine variants are Segmentation-only by defini ...,results/phase1_variants.csv,yes,,,,,,tests/test_variants.py::test_not_applicable_cells_are_recorded,yes,yes
B-07,B1,MEASURED,The round-trip control shows the pydicom re-save the lad ...,results/phase1_variants.csv,yes,,,,,,tests/test_variants.py::test_round_trip_control_moves_nothing,yes,yes
B-08,B1,MEASURED,SEG FRACTIONAL and Parametric Map carry no between-write ...,results/phase1_variants.csv,yes,,F1-04,yes,,,tests/test_variants.py::test_single_writer_classes_carry_no_jaccard,yes,yes
B-09,B1,MEASURED,The TID 1500 SR cell cannot test the direction of the fi ...,results/phase1_variants.csv,yes,,F1-05,yes,,,tests/test_variants.py::test_sr_baseline_is_degenerate_for_the_flip_test,yes,yes
B-10,B1,MEASURED,The writer-specific residue is the stable quantity in th ...,results/phase1_variants.csv,yes,results/figures/manifest.json;results/manuscript/figures.md;results/manuscript/methods.md;results/manuscript/results.md;results/manuscript/tables.md;results/submission/02_manuscript_full.md;results/submission/03_manuscript_blinded.md;results/submission/04_tables.md;results/submission/05_figure_legends.md,"B-02, B-03",yes,,,tests/test_variants.py::test_residue_is_stable_under_perturbation,yes,yes
B-11,B1,PENDING,The ladder inherits the two unsatisfied tool pins from P ...,results/phase1_variants.csv,yes,,F1-08,yes,,,,,no
C-CSR-01,C-CSR,VERIFIED,"Referenced Frame Number (0008,1160) present in an SR IMA ...",results/phase2/adjudication_comprehensive_sr.csv and results/phase2/net_rates_comprehensive_sr.md,yes,,,,,,,,yes
C-CSR-02,C-CSR,VERIFIED,dicom-validator does not independently confirm the Refer ...,results/phase2/adjudication_comprehensive_sr.csv and results/phase2/net_rates_comprehensive_sr.md,yes,,,,,,,,yes
C-CSR-03,C-CSR,VERIFIED,Coding Scheme Designator SRT is a deprecation notice wit ...,results/phase2/adjudication_comprehensive_sr.csv and results/phase2/net_rates_comprehensive_sr.md,yes,,,,,,,,yes
C-CSR-04,C-CSR,VERIFIED,Referenced SOP Instances that appear in the SR Content T ...,results/phase2/adjudication_comprehensive_sr.csv and results/phase2/net_rates_comprehensive_sr.md,yes,,,,,,,,yes
C-CSR-05,C-CSR,MEASURED,"dciodvfy error triple for Comprehensive SR Storage, afte ...",results/phase2/adjudication_comprehensive_sr.csv and results/phase2/net_rates_comprehensive_sr.md,yes,,"C-CSR-01,C-CSR-04",yes,,,,,yes
C-CSR-06,C-CSR,MEASURED,dicom-validator error triple for Comprehensive SR Storag ...,results/phase2/adjudication_comprehensive_sr.csv and results/phase2/net_rates_comprehensive_sr.md,yes,,C-CSR-02,yes,,,,,yes
C-CSR-07,C-CSR,MEASURED,"dciodvfy warning triple for Comprehensive SR Storage, af ...",results/phase2/adjudication_comprehensive_sr.csv and results/phase2/net_rates_comprehensive_sr.md,yes,,C-CSR-03,yes,,,,,yes
C-CSR-08,C-CSR,MEASURED,Net rate across both validators for Comprehensive SR Sto ...,results/phase2/adjudication_comprehensive_sr.csv and results/phase2/net_rates_comprehensive_sr.md,yes,,"C-CSR-05,C-CSR-06",yes,,,,,yes
C-CSR-09,C-CSR,MEASURED,"Collection-level net rates for Comprehensive SR Storage, ...",results/phase2/adjudication_comprehensive_sr.csv and results/phase2/net_rates_comprehensive_sr.md,yes,,C-CSR-08,yes,,,,,yes
C-CSR-10,C-CSR,MEASURED,Three NET rules in this class cite PS3.5 or PS3.6 rather ...,results/phase2/adjudication_comprehensive_sr.csv and results/phase2/net_rates_comprehensive_sr.md,yes,,"C-CSR-05,C-CSR-06,C-CSR-08",yes,,,,,yes
C-CSR-11,C-CSR,DERIVED,PRE-01 is not recorded as a wrong prediction on the evid ...,results/phase2/adjudication_comprehensive_sr.csv and results/phase2/net_rates_comprehensive_sr.md,yes,,"C-CSR-08,C-CSR-09,PRE-05",yes,,,,,yes
C-GSPS-01,P2A,MEASURED,"Adjudicated against the DICOM standard, every Error-seve ...",results/phase2/net_rates_gsps.md,yes,,P2C-02,yes,,,,,yes
C-GSPS-02,P2A,MEASURED,Every Warning-severity finding dciodvfy raises on the co ...,results/phase2/net_rates_gsps.md,yes,,P2C-02,yes,,,,,yes
C-GSPS-03,P2A,MEASURED,dicom-validator raised no finding of any severity on any ...,results/phase2/net_rates_gsps.md,yes,,P2C-02,yes,,,,,yes
C-GSPS-04,P2A,VERIFIED,"dciodvfy's Error on a missing Laterality (0020,0060) in ...",results/phase2/adjudication_gsps.csv,yes,,F1-01,yes,,,,,yes
C-GSPS-05,P2A,VERIFIED,"dciodvfy's ""Missing attribute or value that would be nee ...",results/phase2/adjudication_gsps.csv,yes,,,,,,,,yes
C-GSPS-06,P2A,VERIFIED,"dciodvfy's ""Value dubious for this VR, Retired Person Na ...",results/phase2/adjudication_gsps.csv,yes,,,,,,,,yes
C-GSPS-07,P2A,VERIFIED,dciodvfy's DisplayedAreaSelectionSequence ordering check ...,results/phase2/net_rates_gsps.md,yes,,,,,,,,yes
C-GSPS-08,P2A,MEASURED,Collection-level net Error rates for the Grayscale Softc ...,results/phase2/net_rates_gsps.md,yes,,P0-05,yes,,,,,yes
C-GSPS-09,P2A,DERIVED,"Evaluated against PRE-05, the Grayscale Softcopy Present ...",results/phase2/net_rates_gsps.md,yes,,"PRE-05, C-GSPS-01, C-GSPS-08",yes,,,,,yes
C-GSPS-10,P2A,DERIVED,The dcmpschk column is excluded from the Grayscale Softc ...,results/phase2/net_rates_gsps.md,yes,,P2C-04,yes,,,,,yes
C-GSPS-11,P2A,VERIFIED,Two pin records in this project disagree about which edi ...,results/phase2/adjudication_gsps.csv,yes,,,,,,,,yes
C-PM-01,P2C-C,MEASURED,Every distinct validator message class recorded against ...,results/phase2/adjudication_parametric_map.csv; results/phase2/net_rates_parametric_map.md,no,,,,,,,,yes
C-PM-02,P2C-C,VERIFIED,"For the Parametric Map IOD, Values 3 and 4 of Image Type ...",results/phase2/adjudication_parametric_map.csv; results/phase2/net_rates_parametric_map.md,no,,,,,,,,no
C-PM-03,P2C-C,VERIFIED,The five Shared Functional Groups sequences dicom-valida ...,results/phase2/adjudication_parametric_map.csv; results/phase2/net_rates_parametric_map.md,no,,,,,,,,no
C-PM-04,P2C-C,VERIFIED,"Rows (0028,0010) and Columns (0028,0011) are required in ...",results/phase2/adjudication_parametric_map.csv; results/phase2/net_rates_parametric_map.md,no,,,,,,,,no
C-PM-05,P2C-C,MEASURED,"After adjudication, the entire Parametric Map Storage fa ...",results/phase2/adjudication_parametric_map.csv; results/phase2/net_rates_parametric_map.md,no,,"C-PM-01,C-PM-02,C-PM-03,C-PM-04",yes,,,,,yes
C-PM-06,P2C-C,MEASURED,No message class recorded against Parametric Map Storage ...,results/phase2/adjudication_parametric_map.csv; results/phase2/net_rates_parametric_map.md,no,,C-PM-01,yes,,,,,yes
C-PM-07,P2C-C,MEASURED,"The dciodvfy Laterality Type 2C error, which appears on ...",results/phase2/adjudication_parametric_map.csv; results/phase2/net_rates_parametric_map.md,no,,,,,,,,yes
C-PM-08,P2C-C,MEASURED,The Phase 1 floor set and the archive message classes ov ...,results/phase2/adjudication_parametric_map.csv; results/phase2/net_rates_parametric_map.md,no,,"C-PM-03,C-PM-04",yes,,,,,yes
C-PM-09,P2C-C,DERIVED,"Evaluated against PRE-05, Parametric Map Storage falls i ...",results/phase2/adjudication_parametric_map.csv; results/phase2/net_rates_parametric_map.md,no,results/phase2/net_rates_parametric_map.md,"C-PM-05,PRE-05",yes,,,,,yes
C-RWV-01,P2C,MEASURED,Real World Value Mapping Storage has no net error class. ...,results/phase2/net_rates_rwv_kos.md,yes,,P2C-02,yes,,,tests/test_adjudicate_rwv_kos.py::test_the_triples_are_pinned,yes,yes
C-RWV-02,P2C,MEASURED,Real World Value Mapping Storage has no net warning clas ...,results/phase2/net_rates_rwv_kos.md,yes,,P2C-02,yes,,,tests/test_adjudicate_rwv_kos.py::test_the_triples_are_pinned,yes,yes
C-RWV-03,P2C,MEASURED,dicom-validator emitted no finding of any severity on an ...,results/phase2/net_rates_rwv_kos.md,yes,,P2C-02,yes,,,tests/test_adjudicate_rwv_kos.py::test_the_triples_are_pinned,yes,yes
C-RWV-04,P2C,VERIFIED,The dciodvfy error class on every Real World Value Mappi ...,results/phase2/adjudication_rwv_kos.csv,yes,,,,,,tests/test_adjudicate_rwv_kos.py::test_every_message_class_is_adjudicated,yes,yes
C-RWV-05,P2C,VERIFIED,The two coding scheme warnings on Real World Value Mappi ...,results/phase2/adjudication_rwv_kos.csv,yes,,,,,,tests/test_adjudicate_rwv_kos.py::test_every_message_class_is_adjudicated,yes,yes
C-RWV-06,P2C,VERIFIED,"The dciodvfy DICOMDIR warning, raised on every object of ...",results/phase2/adjudication_rwv_kos.csv,yes,,,,,,tests/test_adjudicate_rwv_kos.py::test_every_message_class_is_adjudicated,yes,yes
C-RWV-07,P2C,VERIFIED,The Retired Person Name form warning is a plausibility c ...,results/phase2/adjudication_rwv_kos.csv,yes,,,,,,tests/test_adjudicate_rwv_kos.py::test_every_message_class_is_adjudicated,yes,yes
C-KOS-01,P2C,MEASURED,Every Key Object Selection Document object in IDC v24 ca ...,results/phase2/net_rates_rwv_kos.md,yes,,"P2C-02,P2C-03",yes,,,tests/test_adjudicate_rwv_kos.py::test_the_triples_are_pinned,yes,yes
C-KOS-02,P2C,MEASURED,dicom-validator reaches the same net finding on the same ...,results/phase2/net_rates_rwv_kos.md,yes,,P2C-02,yes,,,tests/test_adjudicate_rwv_kos.py::test_the_triples_are_pinned,yes,yes
C-KOS-03,P2C,MEASURED,Key Object Selection Document Storage has no net warning ...,results/phase2/net_rates_rwv_kos.md,yes,,P2C-02,yes,,,tests/test_adjudicate_rwv_kos.py::test_the_triples_are_pinned,yes,yes
C-KOS-04,P2C,VERIFIED,"Manufacturer (0008,0070) is Type 2 in the General Equipm ...",results/phase2/adjudication_rwv_kos.csv,yes,,,,,,tests/test_adjudicate_rwv_kos.py::test_no_net_without_a_section_and_a_table,yes,yes
C-RWV-08,P2C,DERIVED,Real World Value Mapping Storage does not meet the PRE-0 ...,results/phase2/net_rates_rwv_kos.md,yes,,"C-RWV-01,C-RWV-03,C-RWV-04,PRE-05",yes,,,tests/test_adjudicate_rwv_kos.py::test_pre05_inputs_are_pinned,yes,yes
C-KOS-05,P2C,DERIVED,Key Object Selection Document Storage meets the PRE-05 t ...,results/phase2/net_rates_rwv_kos.md,yes,,"C-KOS-01,C-KOS-02,C-KOS-04,PRE-05",yes,,,tests/test_adjudicate_rwv_kos.py::test_pre05_inputs_are_pinned,yes,yes
D-01,P2D,MEASURED,dcmpschk passes every Grayscale Softcopy Presentation St ...,results/phase2/gsps_dcmpschk.csv,yes,results/manuscript/results.md;results/submission/02_manuscript_full.md;results/submission/03_manuscript_blinded.md,,,,,tests/test_gsps_dcmpschk.py::test_pass_count_is_pinned,yes,yes
D-02,P2D,MEASURED,The census recorded a dcmpschk pass as a warning class o ...,results/phase2/census_message_classes.csv,yes,,D-01,yes,,,tests/test_gsps_dcmpschk.py::test_pass_line_is_never_a_finding,yes,yes
D-03,P2D,MEASURED,"dcmpschk's banner line names its input file, and counted ...",results/phase2/gsps_dcmpschk.csv,yes,,D-02,yes,,,tests/test_gsps_dcmpschk.py::test_banner_is_not_a_finding,yes,yes
D-04,P2D,MEASURED,On the same GSPS objects the three validators do not agr ...,"results/phase2/gsps_dcmpschk.csv, results/phase2/census_message_classes.csv",yes,results/manuscript/results.md;results/submission/02_manuscript_full.md;results/submission/03_manuscript_blinded.md,D-01,yes,,,tests/test_gsps_dcmpschk.py::test_cross_validator_direction,yes,yes
E-01,V,MEASURED,Segmentation Storage partitions into 21 strata by writin ...,results/phase0/seg_strata.csv,yes,,,,,,tests/test_sample.py::test_strata_partition,yes,yes
E-02,V,DERIVED,The registered minimum of n = 384 is carried from PRE-05 ...,results/pre06_sampling_frame.md,yes,,PRE-05,yes,,,tests/test_sample.py::test_registered_n_properties,yes,yes
E-03,V,MEASURED,The stratification absorbs the C3-12 provenance clusteri ...,results/phase0/seg_icc_proxies.csv,yes,,C3-12,yes,,,tests/test_sample.py::test_planning_icc,yes,yes
E-04,V,DERIVED,A post-floor failure rate is not defined for every strat ...,results/pre06_sampling_frame.md,yes,,"F1-01, F1-02, PRE-05, W-01",yes,,,tests/test_sample.py::test_floor_coverage,yes,yes
E-05,V,DERIVED,One stratum cannot be given the registered minimum insid ...,results/pre06_sampling_frame.md,yes,,"PRE-05, P0-03",yes,,,tests/test_sample.py::test_every_stratum_has_a_rule,yes,yes
E-06,V,DERIVED,Under the measured planning correlation the effective sa ...,results/pre06_sampling_frame.md,yes,,"C3-12, C3-13, E-03",yes,,,tests/test_sample.py::test_clustering_dominates,yes,yes
E-07,V,MEASURED,No draw and no fetch has occurred. The frame is fenced i ...,colophon/sample.py,yes,,,,,,tests/test_sample.py::test_execute_guard_blocks_a_draw,yes,yes
F2-01,F2,MEASURED,The writer census recomputed from what the census read o ...,results/manuscript/table1_writers.csv and results/manuscript/table1_writers.md,yes,,W-01,yes,,,tests/test_tables.py::test_object_counts_match_the_census,yes,yes
F2-02,F2,MEASURED,Opening the files attributes a writer to the large major ...,results/manuscript/table1_writers.csv and results/manuscript/table1_writers.md,yes,,W-01,yes,,,tests/test_tables.py::test_no_incomplete_class_in_table1,yes,yes
F2-03,F2,MEASURED,"Where both carriers name a toolkit, they disagree about ...",results/manuscript/table1_writers.csv and results/manuscript/table1_writers.md,yes,,P2P-08,yes,,,tests/test_tables.py::test_disagreement_rests_on_a_registered_expectation,yes,yes
F2-04,F2,MEASURED,One file-meta implementation identity carries several di ...,results/manuscript/table1_writers.csv and results/manuscript/table1_writers.md,yes,,,,,,tests/test_tables.py::test_identity_spread_is_reported,yes,yes
F2-05,F2,MEASURED,"The Phase 1 floor set, presented per writer, per validat ...",results/manuscript/table2_floor_set.csv and results/manuscript/table2_floor_set.md,yes,,"F1-01, F1-04",yes,,,tests/test_tables.py::test_single_writer_cells_are_marked,yes,yes
F2-06,F2,MEASURED,"The SEG BINARY overlap under dicom-validator, recomputed ...",results/manuscript/table2_floor_set.csv and results/manuscript/table2_floor_set.md,yes,,"F1-03, F1-10",yes,,,tests/test_tables.py::test_seg_binary_jaccard_is_the_corrected_value,yes,yes
F2-07,F2,MEASURED,Part of the Phase 1 fixture floor is drawn by corpus obj ...,results/manuscript/table2_floor_set.csv and results/manuscript/table2_floor_set.md,yes,,"F1-01, P2C-02",yes,,,tests/test_tables.py::test_corpus_context_is_bounded,yes,yes
F2-08,F2,MEASURED,"Table 1 covers only SOP classes the census has finished, ...",results/manuscript/table1_writers.csv and results/manuscript/table1_writers.md,yes,,,,,,tests/test_tables.py::test_no_incomplete_class_in_table1,yes,yes
F2-09,F2,MEASURED,The census records file was read while a census was appe ...,results/manuscript/table1_writers.csv and results/manuscript/table1_writers.md,yes,,,,,,tests/test_tables.py::test_scan_reports_skipped_lines,yes,yes
F2-10,F2,MEASURED,The equipment-attribute rule attributes objects to QIICR ...,results/manuscript/table1_writers.csv and results/manuscript/table1_writers.md,yes,,W-01,yes,,,tests/test_tables.py::test_equipment_rule_is_reused_verbatim,yes,yes
F3-01,F3,MEASURED,Every claim in the ledger is mapped to its row and to th ...,results/claims_map.csv and results/claims_map.md,yes,,,,,,tests/test_claims_map.py::test_every_ledger_row_is_mapped,yes,yes
F3-02,F3,MEASURED,"Orphan claims, meaning ledger rows with no artefact behi ...",results/claims_map.csv and results/claims_map.md,yes,,F3-01,yes,,,tests/test_claims_map.py::test_orphans_are_reported_not_hidden,yes,yes
F3-03,F3,MEASURED,"Uncited artefacts, meaning files under results/ that no ...",results/claims_map.csv and results/claims_map.md,yes,,F3-01,yes,,,tests/test_claims_map.py::test_uncited_artefacts_are_reported,yes,yes
F3-04,F3,MEASURED,Every derived_from reference in the ledger resolves to a ...,results/claims_map.csv and results/claims_map.md,yes,,F3-01,yes,,,tests/test_claims_map.py::test_no_broken_derivations,yes,yes
F3-05,F3,MEASURED,"Every retired claim keeps its reason, and the chain from ...",results/claims_map.csv and results/claims_map.md,yes,,F3-01,yes,,,tests/test_claims_map.py::test_retired_rows_keep_a_reason,yes,yes
F3-06,F3,MEASURED,Pre-registration rows and whether an outcome has been re ...,results/claims_map.csv and results/claims_map.md,yes,,F3-01,yes,,,tests/test_claims_map.py::test_pre_rows_are_reported_unchanged,yes,yes
F3-07,F3,MEASURED,"Floor coverage: which MEASURED rows quote a rate, and wh ...",results/claims_map.csv and results/claims_map.md,yes,,F3-01,yes,,,tests/test_claims_map.py::test_floor_rule_is_the_ledgers_own,yes,yes
F3-08,F3,MEASURED,Test coverage of the ledger: which rows name a pinning t ...,results/claims_map.csv and results/claims_map.md,yes,,F3-01,yes,,,tests/test_claims_map.py::test_named_tests_exist,yes,yes
G1-01,G1,LITERATURE,A recheck on 2026-08-02 located nothing published on or ...,results/prior_art_recheck.md,yes,,PA-01,yes,,,,,yes
G1-02,G1,LITERATURE,No prior description was located of Key Object Selection ...,results/prior_art_recheck.md,yes,,"P2C-02,G1-03",yes,,,,,yes
G1-03,G1,VERIFIED,The General Equipment module is Mandatory in the Key Obj ...,results/prior_art_recheck.md,yes,,,,,,,,yes
G1-04,G1,LITERATURE,The dciodvfy check that fires on Referenced Frame Number ...,results/prior_art_recheck.md,yes,,P2C-02,yes,,,,,yes
G1-05,G1,LITERATURE,"The underlying encoding defect behind finding (b), Refer ...",results/prior_art_recheck.md,yes,,G1-04,yes,,,,,yes
G1-06,G1,PENDING,dciodvfy emits two different wordings for the same Refer ...,results/prior_art_recheck.md,yes,,G1-04,yes,,,,,yes
G1-07,G1,LITERATURE,"Finding (c), Laterality (0020,0060) reported as an Error ...",results/prior_art_recheck.md,yes,,"P2C-02,PA-06",yes,,,,,yes
G1-08,G1,LITERATURE,The dciodvfy author frames the Laterality behaviour as d ...,results/prior_art_recheck.md,yes,,G1-07,yes,,,,,yes
G1-09,G1,PENDING,Three source classes that could falsify a novelty claim ...,results/prior_art_recheck.md,yes,,"PA-07,G1-02,G1-05",yes,,,,,yes
G1-10,G1,PENDING,The prior art recheck must be re-run at a useful interva ...,results/prior_art_recheck.md,yes,,G1-01,yes,,,,,yes
G2-01,G2,MEASURED,The prior-art search is reported against the 16 PRISMA-S ...,results/prisma_s_appendix.md and results/prisma_s_rows.csv,yes,,PA-01,yes,,,tests/test_prisma.py::test_prisma_s_items_are_all_answered,yes,yes
G2-02,G2,MEASURED,"Most recorded queries carry no hit count, so their count ...",results/prisma_s_appendix.md and results/prisma_s_rows.csv,yes,,PA-01,yes,,,tests/test_prisma.py::test_no_row_claims_an_uncaptured_hit_count,yes,yes
G2-03,G2,MEASURED,Stated as a rule: a negative prior-art claim is auditabl ...,results/prisma_s_appendix.md and results/prisma_s_rows.csv,yes,,PA-01,yes,,,tests/test_prisma.py::test_the_auditability_rule_is_stated_and_applied,yes,yes
G2-04,G2,MEASURED,Hit counts from general web search are not reproducible ...,results/prisma_s_appendix.md and results/prisma_s_rows.csv,yes,,PA-01,yes,,,tests/test_prisma.py::test_web_search_rows_never_state_a_hit_count,yes,yes
G2-05,G2,MEASURED,The existing search record cannot fill a defined set of ...,results/prisma_s_appendix.md and results/prisma_s_rows.csv,yes,,PA-01,yes,,,tests/test_prisma.py::test_every_gap_reaches_the_appendix,yes,yes
G2-06,G2,MEASURED,Most included records have no entry in the recorded retr ...,results/prisma_s_appendix.md and results/prisma_s_rows.csv,yes,,PA-01,yes,,,tests/test_prisma.py::test_included_records_are_checked_against_the_retrieval_log,yes,yes
G2-07,G2,MEASURED,"No repository, issue tracker or documentation site was s ...",results/prisma_s_appendix.md and results/prisma_s_rows.csv,yes,,"PA-01,PA-08,PA-09",yes,,,tests/test_prisma.py::test_grey_literature_is_reported_as_unsystematic,yes,yes
G3-01,G3,VERIFIED,The IHE AIR Rev 1.3 PDF at the pinned URL is byte identi ...,results/ihe_air_table.md,yes,,,,,,tests/test_standards.py::test_air_is_normative_and_tested,yes,yes
G3-02,G3,VERIFIED,Table 6.5.3.1-1 on printed page 82 has four columns and ...,results/ihe_air_table.md,yes,,G3-01,yes,,,tests/test_standards.py::test_air_table_6531_1_is_a_map_not_a_requirement,yes,yes
G3-03,G3,VERIFIED,Table 6.5.3.1-1 imposes no requirement of its own. It is ...,results/ihe_air_table.md,yes,,"G3-01,G3-02",yes,,,tests/test_standards.py::test_air_table_6531_1_is_a_map_not_a_requirement,yes,yes
G3-04,G3,DERIVED,Table 6.5.3.1-1 adds no requirement beyond the unconditi ...,results/ihe_air_table.md,yes,,"G3-03,STD-03,STD-04,STD-06",yes,,,tests/test_standards.py::test_air_table_6531_1_is_a_map_not_a_requirement,yes,yes
G3-05,G3,VERIFIED,"The four column grid of Table 6.5.3.1-1, previously reco ...",results/ihe_air_table.md,yes,,G3-01,yes,,,tests/test_standards.py::test_air_table_6531_1_is_a_map_not_a_requirement,yes,yes
F1-M-01,F1M,MEASURED,A Methods section for the Journal of Imaging Informatics ...,results/manuscript/methods.md,yes,,F1-M-02,yes,,,,,yes
F1-M-02,F1M,DERIVED,The Methods draft consumes and cites by id the ledger ro ...,results/manuscript/methods.md,yes,,"C-GSPS-11,C3-04,C3-12,C3-13,C3-14,C3-15,D-02,F1-01,F1-02,F1-03,F1-06,F1-07,F1-08,F1-09,F1-10,F2-01,P0-01,P0-02,P0-04,P0-05,P0-09,P0-10,P0-11,P0-12,P2C-01,P2C-02,P2C-03,P2C-04,P2P-03,P2P-04,P2P-07,PA-08,PRE-01,PRE-02,PRE-03,PRE-04,PRE-05,PRE-06,PRE-07,STD-04,STD-05,STD-06,V-01,V-02,V-03,V-04,V-05,V-06,V-07,V-08,V-09,V-10,W-01,W-04",yes,,,,,yes
F1-M-03,F1M,PENDING,Three figures the Methods section would use for reproduc ...,results/manuscript/methods.md,yes,,P2C-01,yes,,,,,yes
F1-M-04,F1M,PENDING,Ledger row V-09 states in its claim text that four tools ...,results/panel.json,yes,,V-09,yes,,,,,yes
F4-01,F4M,MEASURED,Census completeness was recounted directly from the cens ...,results/manuscript/results.md,yes,,"P2C-01,F2-08,F2-09",yes,,,tests/test_results_doc.py::test_no_partial_class_carries_a_rate,yes,yes
F4-02,F4M,MEASURED,Comprehensive 3D SR Storage is complete in the census an ...,results/manuscript/results.md,yes,,"F4-01,P2C-01,P2C-02",yes,,,tests/test_results_doc.py::test_unadjudicated_class_carries_no_rate,yes,yes
F4-03,F4M,MEASURED,A Results section is drafted at results/manuscript/resul ...,results/manuscript/results.md,yes,,"F4-01,F4-02,F4-04",yes,,,tests/test_results_doc.py::test_every_number_in_the_results_draft_is_backed,yes,yes
F4-04,F4M,DERIVED,The Results draft consumes and cites by id the ledger ro ...,results/manuscript/results.md,yes,,F4-03,yes,,,,,yes
F4-05,F4M,MEASURED,The rule that a partial class must not be reported with ...,tests/test_results_doc.py,yes,,"P2C-01,F4-01,F4-02",yes,,,tests/test_results_doc.py::test_the_guard_can_fail,yes,yes
C-C3D-01,C-C3D,VERIFIED,"Clinical Trial Site Name (0012,0031) and Clinical Trial ...",results/phase2/adjudication_comprehensive_3d_sr.csv and results/phase2/net_rates_comprehensive_3d_sr.md,yes,results/manuscript/results.md;results/submission/02_manuscript_full.md;results/submission/03_manuscript_blinded.md,,,,,,,yes
C-C3D-02,C-C3D,VERIFIED,"De-identification Method (0012,0063) and De-identificati ...",results/phase2/adjudication_comprehensive_3d_sr.csv and results/phase2/net_rates_comprehensive_3d_sr.md,yes,results/manuscript/results.md;results/submission/02_manuscript_full.md;results/submission/03_manuscript_blinded.md,,,,,,,yes
C-C3D-03,C-C3D,VERIFIED,A Referenced Study Sequence Item without Referenced SOP ...,results/phase2/adjudication_comprehensive_3d_sr.csv and results/phase2/net_rates_comprehensive_3d_sr.md,yes,results/manuscript/results.md;results/submission/02_manuscript_full.md;results/submission/03_manuscript_blinded.md,,,,,,,yes
C-C3D-04,C-C3D,VERIFIED,"Ethnic Group (0010,2160) present in a 2026c object is a ...",results/phase2/adjudication_comprehensive_3d_sr.csv and results/phase2/net_rates_comprehensive_3d_sr.md,yes,,,,,,,,yes
C-C3D-05,C-C3D,VERIFIED,"Procedure Code Sequence (0008,1032) present with zero It ...",results/phase2/adjudication_comprehensive_3d_sr.csv and results/phase2/net_rates_comprehensive_3d_sr.md,yes,,,,,,,,yes
C-C3D-06,C-C3D,MEASURED,"dciodvfy error triple for Comprehensive 3D SR Storage, a ...",results/phase2/adjudication_comprehensive_3d_sr.csv and results/phase2/net_rates_comprehensive_3d_sr.md,yes,results/manuscript/results.md;results/manuscript/tables.md;results/submission/02_manuscript_full.md;results/submission/03_manuscript_blinded.md;results/submission/04_tables.md,"C-C3D-01,C-C3D-02,C-C3D-03,C-C3D-05",yes,,,,,yes
C-C3D-07,C-C3D,MEASURED,"dciodvfy warning triple for Comprehensive 3D SR Storage, ...",results/phase2/adjudication_comprehensive_3d_sr.csv and results/phase2/net_rates_comprehensive_3d_sr.md,yes,,C-C3D-06,yes,,,,,yes
C-C3D-08,C-C3D,MEASURED,dicom-validator error triple for Comprehensive 3D SR Sto ...,results/phase2/adjudication_comprehensive_3d_sr.csv and results/phase2/net_rates_comprehensive_3d_sr.md,yes,results/manuscript/results.md;results/manuscript/tables.md;results/submission/02_manuscript_full.md;results/submission/03_manuscript_blinded.md;results/submission/04_tables.md,"C-C3D-01,C-C3D-02,C-C3D-03,C-C3D-04",yes,,,,,yes
C-C3D-09,C-C3D,MEASURED,Net rate across both validators for Comprehensive 3D SR ...,results/phase2/adjudication_comprehensive_3d_sr.csv and results/phase2/net_rates_comprehensive_3d_sr.md,yes,results/manuscript/results.md;results/submission/02_manuscript_full.md;results/submission/03_manuscript_blinded.md,"C-C3D-06,C-C3D-08",yes,,,,,yes
C-C3D-10,C-C3D,MEASURED,Collection-level net rates for Comprehensive 3D SR Stora ...,results/phase2/adjudication_comprehensive_3d_sr.csv and results/phase2/net_rates_comprehensive_3d_sr.md,yes,results/manuscript/results.md;results/submission/02_manuscript_full.md;results/submission/03_manuscript_blinded.md,C-C3D-09,yes,,,,,yes
C-C3D-11,C-C3D,MEASURED,"Two adjudications in this class are reported both ways, ...",results/phase2/adjudication_comprehensive_3d_sr.csv and results/phase2/net_rates_comprehensive_3d_sr.md,yes,,"C-C3D-01,C-C3D-05,C-C3D-09,C-C3D-10",yes,,,,,yes
C-C3D-12,C-C3D,DERIVED,"PRE-05 outcome for Comprehensive 3D SR Storage, and the ...",results/phase2/adjudication_comprehensive_3d_sr.csv and results/phase2/net_rates_comprehensive_3d_sr.md,yes,results/manuscript/results.md;results/phase2/net_rates_comprehensive_3d_sr.md;results/submission/02_manuscript_full.md;results/submission/03_manuscript_blinded.md,"C-C3D-09,C-C3D-10,C-C3D-11,PRE-05",yes,,,,,yes
P3-01,P3,MEASURED,Among sampled Segmentation segments declaring SegmentAlg ...,results/phase3/seg_identification_segments_by_stratum.csv,yes,results/cp/README.md;results/figures/manifest.json;results/manuscript/figures.md;results/manuscript/results.md;results/submission/02_manuscript_full.md;results/submission/03_manuscript_blinded.md;results/submission/05_figure_legends.md;results/typecheck/type_reverification.csv,"STD-02,PRE-06",yes,,,tests/test_phase3.py::test_object_rollup_keeps_absence_and_incompleteness_apart,yes,yes
P3-02,P3,MEASURED,"Among the same segments, this fraction carries Segmentat ...",results/phase3/seg_missing_type1_children.csv,yes,results/cp/README.md;results/manuscript/absence_claims.csv;results/manuscript/absence_claims.md;results/manuscript/results.md;results/submission/02_manuscript_full.md;results/submission/03_manuscript_blinded.md;results/typecheck/type_reverification.csv,"STD-01,STD-02,PRE-06",yes,,,tests/test_phase3.py::test_sequence_missing_a_type1_child_reads_as_incomplete,yes,yes
P3-03,P3,MEASURED,A third state exists and is reported separately from bot ...,results/phase3/seg_identification_segments_by_stratum.csv,yes,,,,,,tests/test_phase3.py::test_zero_item_sequence_is_its_own_state,yes,yes
P3-04,P3,MEASURED,"The object-level reading of the same question, reported ...",results/phase3/seg_identification_objects_by_stratum.csv,yes,,"P3-01,P3-02",yes,,,,,yes
P3-05,P3,MEASURED,"SegmentAlgorithmName (0062,0009) is Type 1C, required wh ...",results/phase3/seg_identification_segments_by_stratum.csv,yes,results/cp/README.md;results/figures/manifest.json;results/manuscript/absence_claims.csv;results/manuscript/absence_claims.md;results/manuscript/figures.md;results/manuscript/results.md;results/submission/02_manuscript_full.md;results/submission/03_manuscript_blinded.md;results/submission/05_figure_legends.md;results/typecheck/type_reverification.csv,STD-03,yes,,,,,yes
P3-06,P3,MEASURED,The full provenance carrier list on sampled Segmentation ...,results/phase3/seg_carriers_by_stratum.csv,yes,results/typecheck/type_reverification.csv,STD-04,yes,,,tests/test_phase3.py::test_state_separates_absent_from_zero_length,yes,yes
P3-07,P3,MEASURED,dciodvfy and dicom-validator message classes over the sa ...,results/phase3/seg_message_classes.csv,yes,,"F1-01,PRE-03",yes,,,tests/test_phase3.py::test_severity_matches_both_documented_forms,yes,yes
P3-08,P3,DERIVED,The population estimate for the absence and incompletene ...,results/phase3/seg_totals.json,yes,,"P3-01,P3-02,PRE-06",yes,,,,,yes
P3-12,P3,MEASURED,The frame's writer label is provisional and the object c ...,results/phase3/seg_writer_relabel.csv,yes,results/manuscript/absence_claims.csv;results/manuscript/absence_claims.md;results/manuscript/results.md;results/submission/02_manuscript_full.md;results/submission/03_manuscript_blinded.md,"W-01,PRE-06",yes,,,tests/test_phase3.py::test_writer_relabel_reuses_the_phase0_rule_table,yes,yes
P3-11,P3,MEASURED,"SegmentAlgorithmType (0062,0008) is Type 1 with Enumerat ...",results/phase3/seg_out_of_enumeration.csv,yes,results/typecheck/type_reverification.csv,STD-03,yes,,,,,yes
P3-10,P3,MEASURED,A complete Algorithm Identification Macro is not the sam ...,results/phase3/seg_macro_content.csv,yes,results/manuscript/results.md;results/submission/02_manuscript_full.md;results/submission/03_manuscript_blinded.md,P3-02,yes,,,,,yes
P3-09,P3,MEASURED,Two of the three conformance tools in this class's panel ...,results/phase3_segmentation.md,yes,results/manuscript/results.md;results/submission/02_manuscript_full.md;results/submission/03_manuscript_blinded.md,"V-04,V-08",yes,,,tests/test_phase3.py::test_dcmpschk_is_not_used_on_segmentation,yes,yes
C3T-00,C3T,MEASURED,Claim 3 is graded in three ways and never two: non-confo ...,results/claim3/grades_by_sop_class.csv,yes,results/figures/manifest.json;results/manuscript/figures.md;results/manuscript/results.md;results/manuscript/tables.md;results/submission/02_manuscript_full.md;results/submission/03_manuscript_blinded.md;results/submission/04_tables.md;results/submission/05_figure_legends.md,"STD-04,STD-05",yes,,,tests/test_claim3.py::test_grades_are_exhaustive_and_mutually_exclusive,yes,yes
C3T-01,C3T,MEASURED,"T3.1. Carrier population across the tabulation, in three ...",results/claim3/t31_carriers_by_sop_class.csv,yes,results/manuscript/tables.md;results/submission/04_tables.md,STD-04,yes,,,tests/test_claim3.py::test_three_states_never_summed,yes,yes
C3T-08,C3T,MEASURED,Type 1 carrier violations found by the three-state captu ...,results/claim3/t31_type1_validator_corroboration.csv,yes,results/manuscript/absence_claims.csv;results/manuscript/absence_claims.md;results/manuscript/results.md;results/submission/02_manuscript_full.md;results/submission/03_manuscript_blinded.md;results/typecheck/type_reverification.csv,"STD-04,P3-06",yes,,,tests/test_claim3.py::test_type1_violations_are_corroborated,yes,yes
C3T-02,C3T,MEASURED,"T3.2. What the equipment attributes name, not whether th ...",results/claim3/t32_naming_by_sop_class.csv,yes,results/figures/manifest.json;results/manuscript/discussion.md;results/manuscript/figures.md;results/submission/02_manuscript_full.md;results/submission/03_manuscript_blinded.md;results/submission/05_figure_legends.md,"C3-04,W-04",yes,,,tests/test_claim3.py::test_buckets_are_exhaustive,yes,yes
C3T-03,C3T,MEASURED,"T3.3. The recoverability ladder. Per analysis result, th ...",results/claim3/t33_recoverability_ladder.csv,yes,results/figures/manifest.json;results/manuscript/figures.md;results/manuscript/results.md;results/manuscript/tables.md;results/submission/02_manuscript_full.md;results/submission/03_manuscript_blinded.md;results/submission/04_tables.md;results/submission/05_figure_legends.md,C3-14,yes,,,tests/test_claim3.py::test_ladder_levels_are_the_registered_five,yes,yes
C3T-04,C3T,MEASURED,T3.4. The algorithm identification result stratified by ...,results/claim3/t34_algorithm_identification_by_writer.csv,yes,,"P3-01,P3-02,STD-02",yes,,,tests/test_claim3.py::test_absence_and_incompleteness_stay_apart,yes,yes
C3T-05,C3T,MEASURED,T3.4 special row. Segments carrying a complete and confo ...,results/claim3/t34_complete_macro_naming_manual.csv,yes,results/manuscript/results.md;results/submission/02_manuscript_full.md;results/submission/03_manuscript_blinded.md,P3-10,yes,,,,,yes
C3T-06,C3T,MEASURED,T3.5. Version carriers. The dcmqi SoftwareVersions value ...,results/claim3/t35_version_carriers.csv,yes,results/figures/manifest.json;results/manuscript/figures.md;results/manuscript/results.md;results/manuscript/tables.md;results/submission/02_manuscript_full.md;results/submission/03_manuscript_blinded.md;results/submission/04_tables.md;results/submission/05_figure_legends.md;results/typecheck/type_reverification.csv,"P2P-09,W-04",yes,,,,,yes
C3T-07,C3T,MEASURED,T3.6. The archive catalogue and the object disagree abou ...,results/claim3/t36_writer_index_vs_object_by_sop_class.csv,yes,results/manuscript/discussion.md;results/manuscript/results.md;results/submission/02_manuscript_full.md;results/submission/03_manuscript_blinded.md,"P3-12,W-01",yes,,,tests/test_claim3.py::test_writer_rule_table_is_imported_not_restated,yes,yes
ADJ2-01,ADJ2,MEASURED,PRE-03 registers two adjudicators. A second pass was run ...,ADJUDICATION2.md,yes,results/figures/manifest.json;results/manuscript/figures.md;results/manuscript/methods.md;results/manuscript/tables.md;results/submission/02_manuscript_full.md;results/submission/03_manuscript_blinded.md;results/submission/04_tables.md;results/submission/05_figure_legends.md,PRE-03,yes,,,tests/test_adjudicate2.py::test_agreement_is_reported_both_ways,yes,yes
ADJ2-02,ADJ2,MEASURED,The only adjudication decision that reaches a published ...,ADJUDICATION2.md,yes,results/figures/manifest.json;results/manuscript/figures.md;results/manuscript/methods.md;results/manuscript/results.md;results/manuscript/tables.md;results/submission/02_manuscript_full.md;results/submission/03_manuscript_blinded.md;results/submission/04_tables.md;results/submission/05_figure_legends.md,ADJ2-01,yes,,,tests/test_adjudicate2.py::test_consensus_only_keeps_agreements,yes,yes
ADJ2-03,ADJ2,MEASURED,"Net rates recomputed under the consensus rule, where a c ...",results/adjudication2/net_rates_two_pass.csv,yes,results/manuscript/results.md;results/manuscript/tables.md;results/submission/02_manuscript_full.md;results/submission/03_manuscript_blinded.md;results/submission/04_tables.md,"ADJ2-01,PRE-03,PRE-05",yes,,,tests/test_adjudicate2.py::test_consensus_never_exceeds_either_pass,yes,yes
DEV-01,DEV,MEASURED,The dicom3tools pin registered for this study was never ...,DEVIATIONS.md,yes,results/manuscript/absence_claims.csv;results/manuscript/absence_claims.md;results/manuscript/methods.md;results/manuscript/results.md;results/submission/02_manuscript_full.md;results/submission/03_manuscript_blinded.md,"F1-08,B-11",yes,,,tests/test_deviations.py::test_pin_exposure_is_measured,yes,yes
DEV-02,DEV,MEASURED,The highdicom pin registered for this study was never sa ...,DEVIATIONS.md,yes,results/figures/manifest.json;results/manuscript/absence_claims.csv;results/manuscript/absence_claims.md;results/manuscript/figures.md;results/manuscript/methods.md;results/manuscript/results.md;results/manuscript/tables.md;results/submission/02_manuscript_full.md;results/submission/03_manuscript_blinded.md;results/submission/04_tables.md;results/submission/05_figure_legends.md,F1-08,yes,,,tests/test_deviations.py::test_highdicom_is_not_in_the_measurement_path,yes,yes
C3T-09,C3T,MEASURED,The informativeness grade is sensitive to the rule that ...,results/claim3/grades_by_sop_class.csv and results/ai_use.md,yes,results/manuscript/methods.md;results/manuscript/results.md;results/submission/02_manuscript_full.md;results/submission/03_manuscript_blinded.md,C3T-00,yes,,,,,yes
STD-07,STD,VERIFIED,Every Type designation the manuscript relies on reproduc ...,TYPECHECK.md and results/typecheck/type_reverification.csv,yes,results/cp/README.md;results/manuscript/absence_claims.csv;results/manuscript/absence_claims.md;results/manuscript/methods.md;results/manuscript/results.md;results/submission/02_manuscript_full.md;results/submission/03_manuscript_blinded.md,"STD-01,STD-02,STD-03,STD-04",yes,,,tests/test_typecheck.py::test_every_type_reproduces,yes,yes
STD-08,STD,VERIFIED,"The provenance ceiling has three tiers, not one. General ...",results/typecheck/equipment_module_usage_by_iod.csv,yes,results/figures/manifest.json;results/manuscript/figures.md;results/manuscript/methods.md;results/manuscript/results.md;results/manuscript/tables.md;results/submission/02_manuscript_full.md;results/submission/03_manuscript_blinded.md;results/submission/04_tables.md;results/submission/05_figure_legends.md,"STD-04,STD-07",yes,,,tests/test_typecheck.py::test_the_ceiling_has_three_tiers,yes,yes
V-11,V,VERIFIED,The dciodvfy person-name check is purely syntactic and c ...,COLOPHON_ADDENDUM_03.md and results/manuscript/methods.md,yes,,"W-04,C3T-09",yes,,,,,yes
PA-10,PA,MEASURED,Two of the three DICOM attribute names this study measur ...,results/prisma_s_rows.csv,yes,results/manuscript/absence_claims.csv;results/manuscript/absence_claims.md;results/manuscript/introduction.md;results/prisma_s_rows.csv;results/submission/02_manuscript_full.md;results/submission/03_manuscript_blinded.md,,,,,tests/test_prior_art.py::test_europe_pmc_negative_is_recorded,yes,yes
PA-11,PA,MEASURED,No DICOM Correction Proposal in the complete numbered se ...,results/prisma_s_rows.csv,yes,results/cp/README.md;results/manuscript/discussion.md;results/prisma_s_rows.csv;results/submission/02_manuscript_full.md;results/submission/03_manuscript_blinded.md,,,,,tests/test_prior_art.py::test_cp_negative_covers_the_whole_series,yes,yes
STD-09,STD,VERIFIED,"Table C.8.20-4, the Segment Description Macro, carries S ...",results/typecheck/segment_tables_verbatim.md,yes,,"STD-07,STD-02,STD-03",yes,,,tests/test_typecheck.py::test_the_two_attributes_are_adjacent_rows_of_C_8_20_2,yes,yes
STD-10,STD,VERIFIED,"Supplement 243, Label Map Segmentation, Final Text 2024, ...",results/typecheck/segment_tables_verbatim.md,yes,results/cp/README.md;results/manuscript/discussion.md;results/submission/02_manuscript_full.md;results/submission/03_manuscript_blinded.md,STD-09,yes,,,,,yes
C3T-10,C3T,MEASURED,The object-weighted headline is concentrated in one clas ...,results/manuscript/table2.csv,yes,,C3T-00,yes,,,tests/test_manuscript_tables.py::test_leave_one_class_out_is_reported,yes,yes
FIG-01,FIG,MEASURED,"Six figures are drawn, each from a single named artefact ...",results/manuscript/figures.md and results/figures/manifest.json,yes,,,,,,tests/test_figures.py::test_every_annotated_value_is_in_the_ledger,yes,yes
REF-01,REF,MEASURED,Every citation in the manuscript resolves to a full refe ...,results/manuscript/references.md and results/manuscript/citation_check.json,yes,,,,,,tests/test_references.py::test_every_entry_carries_a_resolvable_identifier,yes,yes
REF-02,REF,VERIFIED,The Gene Expression Omnibus metadata completeness study ...,results/manuscript/references.md,yes,results/ai_use.md;results/manuscript/references.md,,,,,,,yes
REF-03,REF,VERIFIED,The software bill-of-materials study cited in the Discus ...,results/manuscript/references.md,yes,results/manuscript/references.md,,,,,,,yes
REF-04,REF,VERIFIED,The IHE AIR passage quoted verbatim in the Discussion is ...,results/manuscript/citation_check.json,yes,,G3-01,yes,,,tests/test_references.py::test_the_air_quotation_is_at_the_revision_and_page_the_discussion_names,yes,yes
REF-05,REF,VERIFIED,CP-2273 is in the standard at edition 2026b. The status ...,results/cp/dicom_status_rows.json,yes,results/ai_use.md,PA-11,yes,,,tests/test_references.py::test_the_standards_rows_match_the_pinned_status_table,yes,yes
REF-06,REF,VERIFIED,The five other Correction Proposals and Supplement 243 c ...,results/cp/dicom_status_rows.json,yes,,"PA-11,STD-10",yes,,,tests/test_references.py::test_the_standards_rows_match_the_pinned_status_table,yes,yes
FM-01,FM,VERIFIED,The author identifiers in the front matter are read from ...,results/manuscript/front_matter.md,yes,,,,,,,,yes
FM-02,FM,PENDING,"No Zenodo record exists for this repository, so code ava ...",results/manuscript/front_matter.md,yes,results/submission/07_checklist.md,,,,,tests/test_references.py::test_the_front_matter_leaves_its_unknowns_as_fields,yes,yes
FM-03,FM,VERIFIED,The commercial relationship disclosed in competing inter ...,results/manuscript/front_matter.md,yes,,,,,,,,yes
CPD-01,CPD,PENDING,A DICOM Correction Proposal harmonising the Type of Segm ...,results/cp/cp_segmentation_algorithm_identification.md and results/cp/README.md,yes,results/cp/EMAIL.md,,,,,tests/test_results_doc.py::test_the_correction_proposal_is_not_filed_until_it_says_so,yes,yes
CPD-02,CPD,VERIFIED,The wording the proposal asks for already exists in the ...,results/typecheck/segment_tables_verbatim.md and results/typecheck/type_reverification.csv,yes,results/ai_use.md,STD-07,yes,,,,,yes
CPD-03,CPD,DERIVED,Adopting the proposed change would make previously confo ...,results/cp/cp_segmentation_algorithm_identification.md,yes,results/ai_use.md,"P3-01,PRE-06",yes,,,,,yes
FIG-02,FIG,MEASURED,A truer exemplar for Figure 3's silent column exists: fo ...,results/figures/silent_column_check.json and results/figures/silent_column_candidates.csv and results/figures/figure3_objects.json,yes,results/ai_use.md;results/figures/manifest.json;results/manuscript/figures.md;results/submission/05_figure_legends.md,"C3T-03,P3-01",yes,,,,,yes
FIG-03,FIG,DERIVED,Two analysis results are recorded in the recoverability ...,results/figures/silent_column_check.json,yes,results/ai_use.md;results/manuscript/results.md;results/submission/02_manuscript_full.md;results/submission/03_manuscript_blinded.md;results/submission/assertions.json;results/submission/assertions.md,"C3T-03,C3T-09,P3-10",yes,,,,,yes
REF-07,REF,VERIFIED,The reference list is generated from structured entries ...,results/manuscript/references.md and results/manuscript/references_crossref.json,yes,,REF-01,yes,,,tests/test_references.py::test_every_entry_carries_a_resolvable_identifier,yes,yes
SUB-01,SUB,MEASURED,The submission package is assembled from the manuscript ...,results/submission/07_checklist.md and results/submission/manifest.json,yes,,,,,,tests/test_submission.py::test_the_checklist_records_no_unmet_requirement,yes,yes
SUB-02,SUB,VERIFIED,The venue requirements the package is built against were ...,results/submission/07_checklist.md and results/submission/venue_guidelines_read_2026-08-03.txt,yes,results/ai_use.md;results/submission/venue_guidelines_read_2026-08-03.txt,,,,,,,yes
SUB-03,SUB,MEASURED,"The abstract submitted is a 249 word form, and what the ...",results/manuscript/abstract_venue.md,yes,results/ai_use.md,"C3T-00,C3T-03,P3-01,P3-05",yes,,,tests/test_submission.py::test_the_abstract_is_within_the_word_limit,yes,yes
SUB-04,SUB,VERIFIED,"The blinded copy carries no author name, affiliation, id ...",results/submission/03_manuscript_blinded.md,yes,,,,,,tests/test_submission.py::test_the_blinded_copy_leaks_nothing_a_plain_search_would_find,yes,yes
SUB-05,SUB,MEASURED,"The venue requires a link to the imaging data used, and ...",results/submission/supplementary/S1_source_dois.csv,yes,,P0-02,yes,,,tests/test_submission.py::test_the_supplementary_index_points_at_files_that_exist,yes,yes
FIG-04,FIG,MEASURED,No figure draws a title or a caption into the illustrati ...,results/figures/manifest.json and results/manuscript/figures.md,yes,results/ai_use.md,,,,,tests/test_figures.py::test_no_figure_draws_a_title_or_a_caption,yes,yes
FIG-05,FIG,MEASURED,Every text colour used in the figures clears the contras ...,results/figures/manifest.json,yes,results/ai_use.md,,,,,tests/test_figures.py::test_every_lettering_pair_clears_the_contrast_minimum,yes,yes
FIG-06,FIG,MEASURED,"No figure is drawn wider than the venue's text column, s ...",results/submission/manifest.json,yes,results/ai_use.md,,,,,tests/test_figures.py::test_figure_width_is_measured_off_the_shipped_file_not_the_canvas,yes,yes
C3T-11,C3T,MEASURED,The version column of the recoverability ladder carries ...,results/claim3/t33_recoverability_ladder.csv and results/manuscript/table3.csv,yes,results/ai_use.md,C3T-03,yes,,,tests/test_manuscript_tables.py::test_no_manuscript_table_prints_nan,yes,yes
DEV-03,DEV,MEASURED,What the caller writes into SoftwareVersions on highdico ...,results/deviations/pin_deviations.json,yes,results/ai_use.md,DEV-02,yes,,,,,yes
FIG-07,FIG,DERIVED,The rule-ordering undercount recorded at FIG-03 is discl ...,results/manuscript/results.md and results/figures/silent_column_check.json,yes,results/ai_use.md,"FIG-03,C3T-03,C3T-09",yes,,,,,yes
SUB-06,SUB,DERIVED,The assembled manuscript body is long for an Original Pa ...,results/submission/07_checklist.md and results/submission/manifest.json,yes,,,,,,tests/test_submission.py::test_every_number_in_the_package_is_backed,yes,yes
SUB-07,SUB,MEASURED,The figure set regenerates byte-identical in every forma ...,results/figures/reproducibility.json,yes,,,,,,tests/test_addendum04.py::test_the_figure_set_reproduces_across_processes,yes,yes
SUB-08,SUB,MEASURED,Every row of the checklist's computed table reports some ...,results/submission/07_checklist.md,yes,,,,,,tests/test_addendum04.py::test_no_automatic_checklist_row_states_a_reason_instead_of_a_count,yes,yes
DISC-01,DISC,MEASURED,No object in the measured set is written by the disclose ...,results/claim3/disclosure_search.json,yes,results/manuscript/absence_claims.csv;results/manuscript/absence_claims.md;results/submission/00_cover_letter.md;results/submission/01_title_page.md;results/submission/02_manuscript_full.md,,,,,tests/test_addendum04.py::test_the_company_search_reports_what_it_could_not_search,yes,yes
DISC-02,DISC,MEASURED,Absence and universal claims across the package were swe ...,results/manuscript/absence_claims.md and results/manuscript/absence_claims.csv,yes,,,,,,tests/test_addendum04.py::test_the_absence_sweep_runs_and_reports_rather_than_edits,yes,yes
SUB-09,SUB,MEASURED,Every placeholder in the package is a key in one JSON fi ...,results/submission/fields.json,yes,,,,,,tests/test_addendum04.py::test_a_final_package_refuses_while_a_field_is_empty,yes,yes
SUB-10,SUB,MEASURED,The archived snapshot contains the code and the generate ...,results/release/snapshot.json and results/release/RELEASE_NOTES.md,yes,,,,,,tests/test_addendum04.py::test_the_release_metadata_exists_and_the_snapshot_is_stated,yes,yes
CPD-04,CPD,PENDING,"The Correction Proposal will be filed before submission, ...",results/cp/status.json,yes,results/cp/EMAIL.md,CPD-01,yes,,,tests/test_addendum04.py::test_the_manuscript_never_types_the_proposal_status,yes,yes
C3T-12,C3T,MEASURED,"The `(null)` cell is a residual bucket, defined where th ...",results/claim3/t33_recoverability_ladder.csv and results/manuscript/tables.md,yes,results/manuscript/methods.md;results/manuscript/results.md;results/manuscript/tables.md;results/submission/02_manuscript_full.md;results/submission/03_manuscript_blinded.md;results/submission/04_tables.md,C3T-03,yes,,,,,yes
C3T-13,C3T,MEASURED,Analysis-result cells are complete for the seven censuse ...,results/manuscript/tables.md,yes,results/manuscript/methods.md;results/manuscript/results.md;results/manuscript/tables.md;results/submission/02_manuscript_full.md;results/submission/03_manuscript_blinded.md;results/submission/04_tables.md,"PRE-06,C3T-03",yes,,,,,yes
SUB-11,SUB,MEASURED,Six defects of one shape were closed by strengthening th ...,results/submission/assertions.json and results/submission/assertions.md,yes,,,,,,tests/test_addendum04.py::test_no_automatic_checklist_row_states_a_reason_instead_of_a_count,yes,yes
SUB-12,SUB,MEASURED,The six figures are renumbered so that first citation in ...,results/submission/02_manuscript_full.md and results/manuscript/figures.md,yes,,,,,,,,yes
SUB-13,SUB,MEASURED,The Word files are produced from a converter pinned in i ...,results/submission/docx.json,yes,,,,,,,,yes
SUB-14,SUB,VERIFIED,The competing-interests employment window is stated by t ...,results/submission/fields.json and results/submission/01_title_page.md,yes,,,,,,tests/test_submission.py::test_the_employment_disclosure_names_the_two_works_it_says_it_names,yes,yes
REL-04,REL,MEASURED,Every version string in the package derives from one sou ...,colophon/__init__.py and results/submission/02_manuscript_full.md,yes,,,,,,tests/test_references.py::test_every_version_string_derives_from_one_source,yes,yes
